month,SUPPLIER,LICENSEE,PART,qty,month_amt,ytd_amt
2023-03,nippon-metal,ninja-roofing,glass-clip,109,128600,128600
2023-03,nippon-metal,ninja-roofing,glass-decoration,114,86100,86100
2023-03,nippon-metal,ninja-roofing,gold-clip,156,89500,89500
2023-03,nippon-metal,ninja-roofing,gold-decoration,165,64400,64400
2023-03,nippon-metal,ninja-roofing,roof-polish,57,11100,11100
2023-03,nippon-metal,ninja-roofing,tin-clip,176,16000,16000
2023-03,nippon-metal,ninja-roofing,tin-decoration,44,3800,3800
2023-03,nippon-metal,rice-roofers,glass-clip,158,186200,186200
2023-03,nippon-metal,rice-roofers,gold-clip,78,35300,35300
2023-03,nippon-metal,rice-roofers,gold-decoration,119,57800,57800
2023-03,nippon-metal,rice-roofers,tin-clip,167,21700,21700
2023-03,nippon-metal,rice-roofers,tin-decoration,95,8900,8900
2023-03,us-steel,global-roof,glass-clip,180,199500,199500
2023-03,us-steel,global-roof,glass-decoration,161,136000,136000
2023-03,us-steel,global-roof,gold-decoration,50,24000,24000
2023-03,us-steel,global-roof,roof-polish,80,18400,18400
2023-03,us-steel,global-roof,tin-clip,119,15200,15200
2023-03,us-steel,global-roof,tin-decoration,210,24400,24400
2023-03,us-steel,ranger-roofing,gold-clip,104,63800,63800
2023-03,us-steel,ranger-roofing,gold-decoration,43,16300,16300
2023-03,us-steel,ranger-roofing,roof-polish,236,56000,56000
2023-03,us-steel,ranger-roofing,tin-clip,160,15600,15600
2023-04,nippon-metal,ninja-roofing,glass-decoration,141,137100,223200
2023-04,nippon-metal,ninja-roofing,gold-clip,202,108400,197900
2023-04,nippon-metal,ninja-roofing,tin-clip,43,4200,20200
2023-04,nippon-metal,ninja-roofing,tin-decoration,110,11200,15000
2023-04,us-steel,global-roof,glass-clip,227,246800,446300
2023-04,us-steel,global-roof,gold-clip,175,84200,84200
2023-04,us-steel,global-roof,roof-polish,181,34900,53300
2023-04,us-steel,global-roof,tin-decoration,193,22000,46400
2023-04,us-steel,ranger-roofing,glass-clip,45,52900,52900
2023-04,us-steel,ranger-roofing,glass-decoration,131,124700,124700
2023-04,us-steel,ranger-roofing,gold-clip,104,65500,129300
2023-04,us-steel,ranger-roofing,gold-decoration,164,77600,93900
2023-04,us-steel,ranger-roofing,roof-polish,183,37300,93300
2023-04,us-steel,zztop-roof,glass-clip,198,205000,205000
2023-04,us-steel,zztop-roof,glass-decoration,167,125100,125100
2023-04,us-steel,zztop-roof,gold-clip,55,28700,28700
2023-04,us-steel,zztop-roof,gold-decoration,242,91300,91300
2023-04,us-steel,zztop-roof,tin-clip,79,9300,9300
2023-04,us-steel,zztop-roof,tin-decoration,234,24200,24200
2023-05,nippon-metal,ninja-roofing,glass-clip,101,103900,232500
2023-05,nippon-metal,ninja-roofing,gold-clip,177,108600,306500
2023-05,nippon-metal,ninja-roofing,gold-decoration,44,20200,84600
2023-05,nippon-metal,ninja-roofing,roof-polish,56,13000,24100
2023-05,nippon-metal,ninja-roofing,tin-clip,133,16100,36300
2023-05,nippon-metal,rice-roofers,glass-clip,173,201300,387500
2023-05,nippon-metal,rice-roofers,glass-decoration,48,37700,37700
2023-05,nippon-metal,rice-roofers,gold-clip,73,35500,70800
2023-05,nippon-metal,rice-roofers,gold-decoration,164,64100,121900
2023-05,nippon-metal,rice-roofers,roof-polish,122,23000,23000
2023-05,nippon-metal,rice-roofers,tin-decoration,51,5700,14600
2023-05,us-steel,global-roof,glass-clip,210,224900,671200
2023-05,us-steel,global-roof,glass-decoration,203,183600,319600
2023-05,us-steel,global-roof,gold-clip,86,48200,132400
2023-05,us-steel,global-roof,gold-decoration,169,70000,94000
2023-05,us-steel,global-roof,roof-polish,66,12800,66100
2023-05,us-steel,global-roof,tin-clip,80,8900,24100
2023-05,us-steel,global-roof,tin-decoration,212,20700,67100
2023-05,us-steel,ranger-roofing,glass-decoration,117,87200,211900
2023-05,us-steel,ranger-roofing,gold-clip,64,30100,159400
2023-05,us-steel,ranger-roofing,gold-decoration,99,44100,138000
2023-05,us-steel,ranger-roofing,roof-polish,227,42100,135400
2023-05,us-steel,ranger-roofing,tin-clip,95,12200,27800
2023-05,us-steel,zztop-roof,glass-clip,93,108100,313100
2023-05,us-steel,zztop-roof,glass-decoration,195,185200,310300
2023-05,us-steel,zztop-roof,gold-clip,60,32600,61300
2023-05,us-steel,zztop-roof,gold-decoration,43,21900,113200
2023-05,us-steel,zztop-roof,tin-clip,203,18800,28100
2023-05,us-steel,zztop-roof,tin-decoration,182,19600,43800
2023-06,nippon-metal,global-roof,glass-clip,75,75400,75400
2023-06,nippon-metal,global-roof,glass-decoration,227,169000,169000
2023-06,nippon-metal,global-roof,gold-clip,123,74900,74900
2023-06,nippon-metal,global-roof,gold-decoration,185,93800,93800
2023-06,nippon-metal,global-roof,roof-polish,189,37800,37800
2023-06,nippon-metal,global-roof,tin-clip,63,7100,7100
2023-06,nippon-metal,global-roof,tin-decoration,105,11600,11600
2023-06,nippon-metal,ninja-roofing,glass-clip,225,231600,464100
2023-06,nippon-metal,ninja-roofing,glass-decoration,94,79000,302200
2023-06,nippon-metal,ninja-roofing,gold-clip,101,56800,363300
2023-06,nippon-metal,ninja-roofing,gold-decoration,180,91500,176100
2023-06,nippon-metal,ninja-roofing,roof-polish,105,21900,46000
2023-06,nippon-metal,rice-roofers,glass-clip,250,252600,640100
2023-06,nippon-metal,rice-roofers,glass-decoration,117,84500,122200
2023-06,nippon-metal,rice-roofers,gold-clip,120,54500,125300
2023-06,nippon-metal,rice-roofers,gold-decoration,250,127700,249600
2023-06,nippon-metal,rice-roofers,roof-polish,96,18900,41900
2023-06,nippon-metal,rice-roofers,tin-clip,74,9600,31300
2023-06,us-steel,global-roof,glass-decoration,183,143400,463000
2023-06,us-steel,global-roof,gold-clip,238,140300,272700
2023-06,us-steel,global-roof,gold-decoration,141,65500,159500
2023-06,us-steel,global-roof,roof-polish,142,31300,97400
2023-06,us-steel,global-roof,tin-clip,235,22400,46500
2023-06,us-steel,global-roof,tin-decoration,142,12800,79900
2023-06,us-steel,ranger-roofing,glass-clip,218,215500,268400
2023-06,us-steel,ranger-roofing,gold-clip,140,90200,249600
2023-06,us-steel,ranger-roofing,gold-decoration,169,63300,201300
2023-06,us-steel,ranger-roofing,tin-clip,52,6100,33900
2023-06,us-steel,ranger-roofing,tin-decoration,232,23800,23800
2023-06,us-steel,zztop-roof,glass-clip,249,267400,580500
2023-06,us-steel,zztop-roof,glass-decoration,98,94000,404300
2023-06,us-steel,zztop-roof,gold-clip,70,43700,105000
2023-06,us-steel,zztop-roof,gold-decoration,202,97800,211000
2023-06,us-steel,zztop-roof,roof-polish,54,13700,13700
2023-06,us-steel,zztop-roof,tin-clip,125,13000,41100
2023-06,us-steel,zztop-roof,tin-decoration,194,22200,66000
2023-07,nippon-metal,global-roof,glass-clip,226,293100,368500
2023-07,nippon-metal,global-roof,glass-decoration,173,166100,335100
2023-07,nippon-metal,global-roof,gold-clip,93,55600,130500
2023-07,nippon-metal,global-roof,gold-decoration,180,78700,172500
2023-07,nippon-metal,global-roof,roof-polish,217,51200,89000
2023-07,nippon-metal,global-roof,tin-clip,94,9200,16300
2023-07,nippon-metal,global-roof,tin-decoration,160,13100,24700
2023-07,nippon-metal,ninja-roofing,glass-clip,245,263800,727900
2023-07,nippon-metal,ninja-roofing,glass-decoration,118,91400,393600
2023-07,nippon-metal,ninja-roofing,gold-clip,207,94200,457500
2023-07,nippon-metal,ninja-roofing,gold-decoration,129,59200,235300
2023-07,nippon-metal,ninja-roofing,roof-polish,133,27600,73600
2023-07,nippon-metal,ninja-roofing,tin-clip,122,12700,49000
2023-07,nippon-metal,ninja-roofing,tin-decoration,211,20200,35200
2023-07,nippon-metal,rice-roofers,glass-decoration,68,65100,187300
2023-07,nippon-metal,rice-roofers,roof-polish,135,26000,67900
2023-07,nippon-metal,rice-roofers,tin-decoration,226,25200,39800
2023-07,us-steel,global-roof,glass-clip,183,232500,903700
2023-07,us-steel,global-roof,glass-decoration,45,33000,496000
2023-07,us-steel,global-roof,gold-decoration,168,86500,246000
2023-07,us-steel,global-roof,roof-polish,165,34900,132300
2023-07,us-steel,global-roof,tin-clip,175,17900,64400
2023-07,us-steel,ranger-roofing,glass-clip,67,60800,329200
2023-07,us-steel,ranger-roofing,glass-decoration,137,120900,332800
2023-07,us-steel,ranger-roofing,gold-clip,42,19500,269100
2023-07,us-steel,ranger-roofing,gold-decoration,206,86900,288200
2023-07,us-steel,ranger-roofing,roof-polish,208,43400,178800
2023-07,us-steel,ranger-roofing,tin-clip,159,18500,52400
2023-07,us-steel,ranger-roofing,tin-decoration,209,19000,42800
2023-08,nippon-metal,global-roof,glass-clip,77,89500,458000
2023-08,nippon-metal,global-roof,glass-decoration,184,186500,521600
2023-08,nippon-metal,global-roof,gold-clip,235,120700,251200
2023-08,nippon-metal,global-roof,gold-decoration,70,27300,199800
2023-08,nippon-metal,global-roof,roof-polish,176,45000,134000
2023-08,nippon-metal,global-roof,tin-clip,77,9200,25500
2023-08,nippon-metal,global-roof,tin-decoration,121,10100,34800
2023-08,nippon-metal,ninja-roofing,glass-clip,97,93200,821100
2023-08,nippon-metal,ninja-roofing,glass-decoration,105,105100,498700
2023-08,nippon-metal,ninja-roofing,gold-clip,247,114200,571700
2023-08,nippon-metal,ninja-roofing,roof-polish,248,64300,137900
2023-08,nippon-metal,ninja-roofing,tin-decoration,182,21000,56200
2023-08,nippon-metal,rice-roofers,glass-decoration,149,153600,340900
2023-08,nippon-metal,rice-roofers,gold-decoration,194,80100,329700
2023-08,nippon-metal,rice-roofers,tin-clip,101,11400,42700
2023-08,nippon-metal,rice-roofers,tin-decoration,178,15300,55100
2023-08,us-steel,global-roof,glass-clip,238,218200,1121900
2023-08,us-steel,global-roof,glass-decoration,123,122700,618700
2023-08,us-steel,global-roof,gold-clip,224,114800,387500
2023-08,us-steel,global-roof,roof-polish,103,22100,154400
2023-08,us-steel,global-roof,tin-clip,228,28000,92400
2023-08,us-steel,global-roof,tin-decoration,197,19400,99300
2023-08,us-steel,ranger-roofing,glass-clip,139,152400,481600
2023-08,us-steel,ranger-roofing,gold-clip,235,151300,420400
2023-08,us-steel,ranger-roofing,gold-decoration,97,35400,323600
2023-08,us-steel,ranger-roofing,roof-polish,75,14500,193300
2023-08,us-steel,zztop-roof,glass-clip,131,122100,702600
2023-08,us-steel,zztop-roof,gold-clip,87,39600,144600
2023-08,us-steel,zztop-roof,gold-decoration,196,89900,300900
2023-08,us-steel,zztop-roof,roof-polish,195,43900,57600
2023-08,us-steel,zztop-roof,tin-clip,99,11600,52700
2023-08,us-steel,zztop-roof,tin-decoration,99,10100,76100
2023-09,nippon-metal,global-roof,glass-clip,69,81600,539600
2023-09,nippon-metal,global-roof,gold-clip,227,107800,359000
2023-09,nippon-metal,global-roof,gold-decoration,206,104100,303900
2023-09,nippon-metal,global-roof,tin-clip,243,23500,49000
2023-09,nippon-metal,ninja-roofing,glass-clip,172,191800,1012900
2023-09,nippon-metal,ninja-roofing,glass-decoration,201,206600,705300
2023-09,nippon-metal,ninja-roofing,gold-clip,141,88400,660100
2023-09,nippon-metal,ninja-roofing,gold-decoration,238,117200,352500
2023-09,nippon-metal,ninja-roofing,roof-polish,228,41800,179700
2023-09,nippon-metal,ninja-roofing,tin-clip,139,15400,64400
2023-09,nippon-metal,ninja-roofing,tin-decoration,88,8100,64300
2023-09,nippon-metal,rice-roofers,glass-clip,86,104200,744300
2023-09,nippon-metal,rice-roofers,gold-clip,224,123200,248500
2023-09,nippon-metal,rice-roofers,gold-decoration,155,56400,386100
2023-09,nippon-metal,rice-roofers,roof-polish,156,35400,103300
2023-09,nippon-metal,rice-roofers,tin-clip,218,24400,67100
2023-09,nippon-metal,rice-roofers,tin-decoration,140,13400,68500
2023-09,us-steel,global-roof,glass-clip,236,279600,1401500
2023-09,us-steel,global-roof,glass-decoration,147,120300,739000
2023-09,us-steel,global-roof,roof-polish,154,31300,185700
2023-09,us-steel,global-roof,tin-clip,86,8100,100500
2023-09,us-steel,global-roof,tin-decoration,226,24600,123900
2023-09,us-steel,zztop-roof,glass-clip,242,312200,1014800
2023-09,us-steel,zztop-roof,glass-decoration,196,200700,605000
2023-09,us-steel,zztop-roof,gold-decoration,136,60900,361800
2023-10,nippon-metal,global-roof,gold-decoration,209,98400,402300
2023-10,nippon-metal,global-roof,tin-clip,212,21500,70500
2023-10,nippon-metal,global-roof,tin-decoration,192,19500,54300
2023-10,nippon-metal,ninja-roofing,glass-clip,200,224600,1237500
2023-10,nippon-metal,ninja-roofing,glass-decoration,180,145600,850900
2023-10,nippon-metal,ninja-roofing,gold-clip,190,110600,770700
2023-10,nippon-metal,ninja-roofing,gold-decoration,60,27400,379900
2023-10,nippon-metal,ninja-roofing,roof-polish,166,33000,212700
2023-10,nippon-metal,ninja-roofing,tin-clip,156,16600,81000
2023-10,nippon-metal,ninja-roofing,tin-decoration,41,3700,68000
2023-10,nippon-metal,rice-roofers,roof-polish,48,11200,114500
2023-10,nippon-metal,rice-roofers,tin-clip,194,19800,86900
2023-10,nippon-metal,rice-roofers,tin-decoration,129,10600,79100
2023-10,us-steel,global-roof,glass-clip,73,83600,1485100
2023-10,us-steel,global-roof,glass-decoration,201,176700,915700
2023-10,us-steel,global-roof,gold-clip,167,92500,480000
2023-10,us-steel,global-roof,gold-decoration,199,82900,328900
2023-10,us-steel,global-roof,roof-polish,246,47800,233500
2023-10,us-steel,ranger-roofing,glass-clip,62,67800,549400
2023-10,us-steel,ranger-roofing,glass-decoration,186,177400,510200
2023-10,us-steel,ranger-roofing,tin-clip,216,24700,77100
2023-10,us-steel,ranger-roofing,tin-decoration,201,20100,62900
2023-10,us-steel,zztop-roof,glass-clip,249,230800,1245600
2023-10,us-steel,zztop-roof,glass-decoration,134,135000,740000
2023-10,us-steel,zztop-roof,gold-clip,149,92200,236800
2023-10,us-steel,zztop-roof,gold-decoration,74,28100,389900
2023-10,us-steel,zztop-roof,tin-clip,56,5700,58400
2023-10,us-steel,zztop-roof,tin-decoration,110,10200,86300
2023-11,nippon-metal,global-roof,glass-clip,244,223100,762700
2023-11,nippon-metal,global-roof,glass-decoration,54,53300,574900
2023-11,nippon-metal,global-roof,gold-clip,145,92200,451200
2023-11,nippon-metal,global-roof,gold-decoration,158,76700,479000
2023-11,nippon-metal,global-roof,roof-polish,177,44500,178500
2023-11,nippon-metal,global-roof,tin-clip,74,8100,78600
2023-11,nippon-metal,global-roof,tin-decoration,200,19500,73800
2023-11,nippon-metal,ninja-roofing,glass-decoration,146,124500,975400
2023-11,nippon-metal,ninja-roofing,gold-decoration,125,52000,431900
2023-11,nippon-metal,ninja-roofing,roof-polish,93,22700,235400
2023-11,nippon-metal,ninja-roofing,tin-clip,243,23000,104000
2023-11,nippon-metal,rice-roofers,glass-decoration,116,102300,443200
2023-11,nippon-metal,rice-roofers,gold-clip,69,40500,289000
2023-11,nippon-metal,rice-roofers,tin-clip,242,22400,109300
2023-11,nippon-metal,rice-roofers,tin-decoration,122,13300,92400
2023-11,us-steel,ranger-roofing,glass-clip,145,135500,684900
2023-11,us-steel,ranger-roofing,glass-decoration,63,54300,564500
2023-11,us-steel,ranger-roofing,gold-clip,239,117200,537600
2023-11,us-steel,ranger-roofing,gold-decoration,100,41900,365500
2023-11,us-steel,ranger-roofing,roof-polish,135,32800,226100
2023-11,us-steel,ranger-roofing,tin-clip,117,11300,88400
2023-11,us-steel,ranger-roofing,tin-decoration,117,10400,73300
2023-11,us-steel,zztop-roof,glass-clip,124,151300,1396900
2023-11,us-steel,zztop-roof,gold-clip,136,78200,315000
2023-11,us-steel,zztop-roof,roof-polish,243,50600,108200
2023-11,us-steel,zztop-roof,tin-clip,78,7900,66300
2023-11,us-steel,zztop-roof,tin-decoration,47,4400,90700
2023-12,nippon-metal,global-roof,glass-clip,93,95600,858300
2023-12,nippon-metal,global-roof,glass-decoration,234,191900,766800
2023-12,nippon-metal,global-roof,gold-clip,119,54100,505300
2023-12,nippon-metal,global-roof,gold-decoration,89,36100,515100
2023-12,nippon-metal,global-roof,roof-polish,236,54900,233400
2023-12,nippon-metal,global-roof,tin-clip,51,4800,83400
2023-12,nippon-metal,global-roof,tin-decoration,176,16300,90100
2023-12,nippon-metal,ninja-roofing,glass-clip,172,201400,1438900
2023-12,nippon-metal,ninja-roofing,gold-clip,123,58900,829600
2023-12,nippon-metal,ninja-roofing,gold-decoration,65,32000,463900
2023-12,nippon-metal,ninja-roofing,roof-polish,73,14300,249700
2023-12,us-steel,ranger-roofing,glass-decoration,160,161400,725900
2023-12,us-steel,ranger-roofing,gold-clip,119,68100,605700
2023-12,us-steel,ranger-roofing,roof-polish,52,9900,236000
2023-12,us-steel,ranger-roofing,tin-clip,52,4900,93300
2023-12,us-steel,ranger-roofing,tin-decoration,126,12700,86000
2023-12,us-steel,zztop-roof,glass-decoration,66,51900,791900
2023-12,us-steel,zztop-roof,gold-clip,69,31300,346300
2023-12,us-steel,zztop-roof,tin-decoration,199,20100,110800
2024-01,nippon-metal,global-roof,glass-clip,243,229100,229100
2024-01,nippon-metal,global-roof,glass-decoration,145,115500,115500
2024-01,nippon-metal,global-roof,roof-polish,182,42200,42200
2024-01,nippon-metal,global-roof,tin-clip,158,16800,16800
2024-01,nippon-metal,global-roof,tin-decoration,242,22200,22200
2024-01,nippon-metal,ninja-roofing,glass-clip,234,273400,273400
2024-01,nippon-metal,ninja-roofing,glass-decoration,176,131100,131100
2024-01,nippon-metal,ninja-roofing,gold-clip,185,88100,88100
2024-01,nippon-metal,ninja-roofing,gold-decoration,233,112400,112400
2024-01,nippon-metal,ninja-roofing,roof-polish,218,47400,47400
2024-01,nippon-metal,ninja-roofing,tin-clip,156,16000,16000
2024-01,nippon-metal,ninja-roofing,tin-decoration,248,27300,27300
2024-01,nippon-metal,rice-roofers,glass-clip,47,43500,43500
2024-01,nippon-metal,rice-roofers,glass-decoration,123,106400,106400
2024-01,nippon-metal,rice-roofers,gold-clip,68,35400,35400
2024-01,nippon-metal,rice-roofers,gold-decoration,140,54500,54500
2024-01,nippon-metal,rice-roofers,roof-polish,158,39100,39100
2024-01,nippon-metal,rice-roofers,tin-decoration,210,19500,19500
2024-01,us-steel,global-roof,glass-clip,95,116500,116500
2024-01,us-steel,global-roof,gold-clip,78,42200,42200
2024-01,us-steel,global-roof,gold-decoration,202,98900,98900
2024-01,us-steel,global-roof,roof-polish,188,47400,47400
2024-01,us-steel,global-roof,tin-clip,209,19300,19300
2024-01,us-steel,global-roof,tin-decoration,233,20100,20100
2024-01,us-steel,ranger-roofing,glass-clip,64,78600,78600
2024-01,us-steel,ranger-roofing,glass-decoration,69,62800,62800
2024-01,us-steel,ranger-roofing,roof-polish,158,32600,32600
2024-01,us-steel,zztop-roof,gold-clip,127,71000,71000
2024-01,us-steel,zztop-roof,gold-decoration,248,116800,116800
2024-01,us-steel,zztop-roof,roof-polish,150,36400,36400
2024-01,us-steel,zztop-roof,tin-clip,151,17000,17000
2024-02,nippon-metal,global-roof,glass-decoration,132,130500,246000
2024-02,nippon-metal,global-roof,gold-clip,211,100200,100200
2024-02,nippon-metal,global-roof,gold-decoration,75,29300,29300
2024-02,nippon-metal,global-roof,roof-polish,138,34200,76400
2024-02,nippon-metal,global-roof,tin-clip,42,3900,20700
2024-02,nippon-metal,global-roof,tin-decoration,79,7200,29400
2024-02,nippon-metal,ninja-roofing,glass-clip,170,180500,453900
2024-02,nippon-metal,ninja-roofing,glass-decoration,55,46100,177200
2024-02,nippon-metal,ninja-roofing,gold-clip,189,85400,173500
2024-02,nippon-metal,ninja-roofing,gold-decoration,72,35700,148100
2024-02,nippon-metal,ninja-roofing,roof-polish,128,33200,80600
2024-02,nippon-metal,ninja-roofing,tin-decoration,223,26000,53300
2024-02,nippon-metal,rice-roofers,glass-clip,219,248800,292300
2024-02,nippon-metal,rice-roofers,glass-decoration,47,37400,143800
2024-02,nippon-metal,rice-roofers,tin-clip,68,8500,8500
2024-02,us-steel,ranger-roofing,glass-clip,87,93100,171700
2024-02,us-steel,ranger-roofing,glass-decoration,241,227100,289900
2024-02,us-steel,ranger-roofing,gold-decoration,148,68000,68000
2024-02,us-steel,ranger-roofing,roof-polish,138,28800,61400
2024-02,us-steel,ranger-roofing,tin-clip,181,22200,22200
2024-02,us-steel,ranger-roofing,tin-decoration,156,15500,15500
2024-03,nippon-metal,global-roof,glass-clip,42,45700,274800
2024-03,nippon-metal,global-roof,glass-decoration,119,109000,355000
2024-03,nippon-metal,global-roof,roof-polish,127,28300,104700
2024-03,nippon-metal,ninja-roofing,glass-clip,60,57400,511300
2024-03,nippon-metal,ninja-roofing,glass-decoration,159,140800,318000
2024-03,nippon-metal,ninja-roofing,gold-clip,134,63300,236800
2024-03,nippon-metal,ninja-roofing,gold-decoration,163,83800,231900
2024-03,nippon-metal,ninja-roofing,roof-polish,227,50400,131000
2024-03,nippon-metal,ninja-roofing,tin-clip,232,28100,44100
2024-03,nippon-metal,ninja-roofing,tin-decoration,173,19600,72900
2024-03,us-steel,global-roof,glass-clip,79,97600,214100
2024-03,us-steel,global-roof,gold-decoration,61,31400,130300
2024-03,us-steel,global-roof,tin-clip,232,30100,49400
2024-03,us-steel,global-roof,tin-decoration,192,22000,42100
2024-03,us-steel,ranger-roofing,glass-clip,191,228400,400100
2024-03,us-steel,ranger-roofing,glass-decoration,208,179500,469400
2024-03,us-steel,ranger-roofing,gold-clip,110,68400,68400
2024-03,us-steel,ranger-roofing,gold-decoration,43,20600,88600
2024-03,us-steel,ranger-roofing,roof-polish,194,37600,99000
2024-03,us-steel,ranger-roofing,tin-clip,73,8400,30600
2024-03,us-steel,ranger-roofing,tin-decoration,246,21500,37000
2024-03,us-steel,zztop-roof,glass-clip,82,75000,75000
2024-03,us-steel,zztop-roof,glass-decoration,192,184300,184300
2024-03,us-steel,zztop-roof,gold-clip,226,137200,208200
2024-03,us-steel,zztop-roof,gold-decoration,106,39200,156000
2024-03,us-steel,zztop-roof,roof-polish,186,34200,70600
2024-03,us-steel,zztop-roof,tin-decoration,161,16400,16400
2024-04,nippon-metal,global-roof,gold-clip,237,115900,216100
2024-04,nippon-metal,global-roof,gold-decoration,126,59000,88300
2024-04,nippon-metal,global-roof,roof-polish,212,50900,155600
2024-04,nippon-metal,global-roof,tin-clip,227,26500,47200
2024-04,nippon-metal,global-roof,tin-decoration,86,7900,37300
2024-04,nippon-metal,ninja-roofing,glass-clip,161,164300,675600
2024-04,nippon-metal,ninja-roofing,glass-decoration,204,164100,482100
2024-04,nippon-metal,ninja-roofing,gold-clip,231,147800,384600
2024-04,nippon-metal,ninja-roofing,gold-decoration,176,69900,301800
2024-04,nippon-metal,ninja-roofing,roof-polish,249,47100,178100
2024-04,nippon-metal,ninja-roofing,tin-decoration,82,8000,80900
2024-04,nippon-metal,rice-roofers,glass-clip,206,256100,548400
2024-04,nippon-metal,rice-roofers,gold-clip,175,102700,138100
2024-04,nippon-metal,rice-roofers,gold-decoration,137,64200,118700
2024-04,nippon-metal,rice-roofers,roof-polish,176,40700,79800
2024-04,nippon-metal,rice-roofers,tin-clip,150,17200,25700
2024-04,nippon-metal,rice-roofers,tin-decoration,50,4200,23700
2024-05,nippon-metal,global-roof,gold-clip,57,31300,247400
2024-05,nippon-metal,global-roof,roof-polish,91,20800,176400
2024-05,nippon-metal,global-roof,tin-decoration,85,8900,46200
2024-05,nippon-metal,ninja-roofing,glass-clip,203,192600,868200
2024-05,nippon-metal,ninja-roofing,gold-clip,198,92700,477300
2024-05,nippon-metal,ninja-roofing,gold-decoration,194,73900,375700
2024-05,nippon-metal,ninja-roofing,roof-polish,95,24300,202400
2024-05,nippon-metal,ninja-roofing,tin-clip,70,6500,50600
2024-05,nippon-metal,ninja-roofing,tin-decoration,192,20100,101000
2024-05,nippon-metal,rice-roofers,glass-clip,55,57900,606300
2024-05,nippon-metal,rice-roofers,glass-decoration,237,229000,372800
2024-05,nippon-metal,rice-roofers,gold-clip,58,29300,167400
2024-05,nippon-metal,rice-roofers,gold-decoration,105,40500,159200
2024-05,nippon-metal,rice-roofers,roof-polish,59,13600,93400
2024-05,nippon-metal,rice-roofers,tin-clip,217,27400,53100
2024-05,nippon-metal,rice-roofers,tin-decoration,110,12000,35700
2024-05,us-steel,global-roof,glass-decoration,205,160900,160900
2024-05,us-steel,global-roof,gold-clip,181,82900,125100
2024-05,us-steel,global-roof,gold-decoration,60,29700,160000
2024-05,us-steel,global-roof,roof-polish,138,32100,79500
2024-05,us-steel,global-roof,tin-clip,234,28200,77600
2024-05,us-steel,ranger-roofing,glass-clip,226,274000,674100
2024-05,us-steel,ranger-roofing,gold-clip,177,112800,181200
2024-05,us-steel,ranger-roofing,gold-decoration,216,106000,194600
2024-05,us-steel,ranger-roofing,roof-polish,97,17500,116500
2024-05,us-steel,ranger-roofing,tin-clip,241,22400,53000
2024-05,us-steel,ranger-roofing,tin-decoration,163,13900,50900
2024-05,us-steel,zztop-roof,glass-clip,203,182800,257800
2024-05,us-steel,zztop-roof,glass-decoration,108,83000,267300
2024-05,us-steel,zztop-roof,gold-clip,49,28600,236800
2024-05,us-steel,zztop-roof,gold-decoration,226,90400,246400
2024-05,us-steel,zztop-roof,roof-polish,58,10800,81400
2024-05,us-steel,zztop-roof,tin-clip,167,16000,33000
2024-05,us-steel,zztop-roof,tin-decoration,154,12600,29000
2024-06,nippon-metal,global-roof,gold-clip,54,27900,275300
2024-06,nippon-metal,global-roof,gold-decoration,176,90500,178800
2024-06,nippon-metal,global-roof,roof-polish,247,53300,229700
2024-06,nippon-metal,global-roof,tin-clip,44,4000,51200
2024-06,nippon-metal,ninja-roofing,glass-decoration,61,61200,543300
2024-06,nippon-metal,ninja-roofing,gold-clip,75,34300,511600
2024-06,nippon-metal,ninja-roofing,roof-polish,152,36300,238700
2024-06,us-steel,global-roof,gold-clip,149,77100,202200
2024-06,us-steel,global-roof,gold-decoration,244,111900,271900
2024-06,us-steel,global-roof,roof-polish,249,61100,140600
2024-06,us-steel,global-roof,tin-clip,69,7600,85200
2024-06,us-steel,global-roof,tin-decoration,56,6200,48300
2024-06,us-steel,zztop-roof,glass-clip,76,83300,341100
2024-06,us-steel,zztop-roof,gold-clip,198,90900,327700
2024-06,us-steel,zztop-roof,gold-decoration,44,19200,265600
2024-06,us-steel,zztop-roof,roof-polish,219,50800,132200
2024-06,us-steel,zztop-roof,tin-clip,188,18700,51700
2024-06,us-steel,zztop-roof,tin-decoration,58,4800,33800
2024-08,nippon-metal,ninja-roofing,glass-clip,243,239400,1107600
2024-08,nippon-metal,ninja-roofing,glass-decoration,122,120500,663800
2024-08,nippon-metal,ninja-roofing,roof-polish,51,11600,250300
2024-08,nippon-metal,rice-roofers,gold-clip,218,114200,281600
2024-08,nippon-metal,rice-roofers,gold-decoration,188,68900,228100
2024-08,nippon-metal,rice-roofers,tin-decoration,82,7900,43600
2024-08,us-steel,global-roof,glass-clip,234,303000,517100
2024-08,us-steel,global-roof,roof-polish,237,54500,195100
2024-08,us-steel,global-roof,tin-clip,169,16700,101900
2024-08,us-steel,ranger-roofing,glass-clip,167,191200,865300
2024-08,us-steel,ranger-roofing,glass-decoration,62,57100,526500
2024-08,us-steel,ranger-roofing,tin-clip,240,24500,77500
2024-08,us-steel,ranger-roofing,tin-decoration,147,11900,62800
2024-08,us-steel,zztop-roof,glass-clip,217,206300,547400
2024-08,us-steel,zztop-roof,glass-decoration,173,149500,416800
2024-08,us-steel,zztop-roof,gold-clip,76,43900,371600
2024-08,us-steel,zztop-roof,gold-decoration,62,29300,294900
2024-08,us-steel,zztop-roof,roof-polish,242,58500,190700
2024-08,us-steel,zztop-roof,tin-clip,146,17200,68900
2024-08,us-steel,zztop-roof,tin-decoration,191,21600,55400
2024-09,nippon-metal,global-roof,glass-clip,213,268200,543000
2024-09,nippon-metal,global-roof,glass-decoration,191,173000,528000
2024-09,nippon-metal,global-roof,gold-clip,98,59400,334700
2024-09,nippon-metal,global-roof,roof-polish,100,23800,253500
2024-09,nippon-metal,global-roof,tin-clip,171,16200,67400
2024-09,nippon-metal,global-roof,tin-decoration,147,13000,59200
2024-09,nippon-metal,rice-roofers,glass-decoration,211,214200,587000
2024-09,nippon-metal,rice-roofers,gold-decoration,53,24500,252600
2024-09,nippon-metal,rice-roofers,roof-polish,112,22000,115400
2024-09,nippon-metal,rice-roofers,tin-decoration,104,9700,53300
2024-09,us-steel,global-roof,glass-clip,196,247400,764500
2024-09,us-steel,global-roof,gold-decoration,242,117900,389800
2024-09,us-steel,global-roof,roof-polish,187,48200,243300
2024-09,us-steel,global-roof,tin-clip,115,13100,115000
2024-09,us-steel,global-roof,tin-decoration,234,21800,70100
2024-09,us-steel,ranger-roofing,glass-clip,74,80100,945400
2024-09,us-steel,ranger-roofing,glass-decoration,72,52600,579100
2024-09,us-steel,ranger-roofing,gold-decoration,89,41000,235600
2024-09,us-steel,ranger-roofing,tin-decoration,109,9600,72400
2024-09,us-steel,zztop-roof,glass-decoration,58,50500,467300
2024-09,us-steel,zztop-roof,gold-decoration,164,60500,355400
2024-09,us-steel,zztop-roof,tin-decoration,136,15400,70800
2024-11,nippon-metal,global-roof,glass-clip,227,241200,784200
2024-11,nippon-metal,global-roof,glass-decoration,95,72400,600400
2024-11,nippon-metal,global-roof,gold-clip,211,107800,442500
2024-11,nippon-metal,global-roof,gold-decoration,232,84000,262800
2024-11,nippon-metal,global-roof,roof-polish,63,11400,264900
2024-11,nippon-metal,global-roof,tin-clip,101,9400,76800
2024-11,nippon-metal,global-roof,tin-decoration,115,10300,69500
2024-11,nippon-metal,ninja-roofing,glass-clip,151,170900,1278500
2024-11,nippon-metal,ninja-roofing,glass-decoration,186,187400,851200
2024-11,nippon-metal,ninja-roofing,gold-clip,146,94300,605900
2024-11,nippon-metal,ninja-roofing,gold-decoration,191,97700,473400
2024-11,nippon-metal,ninja-roofing,roof-polish,226,48400,298700
2024-11,nippon-metal,ninja-roofing,tin-decoration,103,9300,110300
2024-11,us-steel,global-roof,glass-clip,110,101400,865900
2024-11,us-steel,global-roof,glass-decoration,168,157500,318400
2024-11,us-steel,global-roof,gold-clip,176,103100,305300
2024-11,us-steel,global-roof,gold-decoration,71,30900,420700
2024-11,us-steel,global-roof,roof-polish,164,36100,279400
2024-11,us-steel,global-roof,tin-decoration,135,12600,82700
2024-11,us-steel,ranger-roofing,glass-clip,68,71600,1017000
2024-11,us-steel,ranger-roofing,glass-decoration,125,99500,678600
2024-11,us-steel,ranger-roofing,gold-clip,205,115200,296400
2024-11,us-steel,ranger-roofing,gold-decoration,57,25600,261200
2024-11,us-steel,ranger-roofing,roof-polish,238,46700,163200
2024-11,us-steel,ranger-roofing,tin-clip,133,13900,91400
2024-11,us-steel,ranger-roofing,tin-decoration,159,16400,88800
2024-11,us-steel,zztop-roof,glass-clip,200,217100,764500
2024-11,us-steel,zztop-roof,glass-decoration,242,241700,709000
2024-11,us-steel,zztop-roof,gold-clip,232,116900,488500
2024-11,us-steel,zztop-roof,gold-decoration,200,74300,429700
2024-11,us-steel,zztop-roof,roof-polish,48,9800,200500
2024-11,us-steel,zztop-roof,tin-clip,202,18200,87100
2024-11,us-steel,zztop-roof,tin-decoration,216,20100,90900
2024-12,nippon-metal,global-roof,glass-clip,242,243000,1027200
2024-12,nippon-metal,global-roof,glass-decoration,218,193900,794300
2024-12,nippon-metal,global-roof,gold-clip,117,65900,508400
2024-12,nippon-metal,global-roof,gold-decoration,242,99000,361800
2024-12,nippon-metal,global-roof,roof-polish,180,38800,303700
2024-12,nippon-metal,ninja-roofing,glass-clip,200,181800,1460300
2024-12,nippon-metal,ninja-roofing,glass-decoration,59,44500,895700
2024-12,nippon-metal,ninja-roofing,gold-clip,85,43200,649100
2024-12,nippon-metal,ninja-roofing,gold-decoration,92,40800,514200
2024-12,nippon-metal,ninja-roofing,roof-polish,146,37600,336300
2024-12,nippon-metal,ninja-roofing,tin-clip,110,10400,61000
2024-12,nippon-metal,ninja-roofing,tin-decoration,77,7600,117900
2024-12,nippon-metal,rice-roofers,glass-clip,173,200300,806600
2024-12,nippon-metal,rice-roofers,gold-clip,88,40700,322300
2024-12,nippon-metal,rice-roofers,gold-decoration,205,74500,327100
2024-12,nippon-metal,rice-roofers,roof-polish,245,48700,164100
2024-12,us-steel,global-roof,glass-clip,236,226100,1092000
2024-12,us-steel,global-roof,gold-clip,79,35600,340900
2024-12,us-steel,global-roof,gold-decoration,143,72800,493500
2024-12,us-steel,global-roof,tin-clip,229,25600,140600
2024-12,us-steel,global-roof,tin-decoration,157,18000,100700
2024-12,us-steel,ranger-roofing,glass-decoration,183,173200,851800
2024-12,us-steel,ranger-roofing,gold-clip,210,107800,404200
2024-12,us-steel,ranger-roofing,tin-clip,134,13000,104400
2024-12,us-steel,ranger-roofing,tin-decoration,72,7000,95800
2024-12,us-steel,zztop-roof,glass-clip,217,273800,1038300
2024-12,us-steel,zztop-roof,gold-clip,84,51900,540400
2024-12,us-steel,zztop-roof,roof-polish,82,18800,219300
2024-12,us-steel,zztop-roof,tin-clip,81,9600,96700
2024-12,us-steel,zztop-roof,tin-decoration,113,9900,100800
2025-01,nippon-metal,global-roof,glass-clip,135,122200,122200
2025-01,nippon-metal,global-roof,glass-decoration,153,146500,146500
2025-01,nippon-metal,global-roof,gold-clip,154,96200,96200
2025-01,nippon-metal,global-roof,gold-decoration,62,24500,24500
2025-01,nippon-metal,global-roof,roof-polish,113,21800,21800
2025-01,nippon-metal,global-roof,tin-clip,128,13300,13300
2025-01,nippon-metal,global-roof,tin-decoration,146,16100,16100
2025-01,nippon-metal,ninja-roofing,glass-clip,50,47800,47800
2025-01,nippon-metal,ninja-roofing,glass-decoration,46,39000,39000
2025-01,nippon-metal,ninja-roofing,gold-clip,68,40600,40600
2025-01,nippon-metal,ninja-roofing,gold-decoration,153,63400,63400
2025-01,nippon-metal,ninja-roofing,tin-decoration,181,15400,15400
2025-01,nippon-metal,rice-roofers,glass-clip,62,80000,80000
2025-01,nippon-metal,rice-roofers,glass-decoration,154,144200,144200
2025-01,nippon-metal,rice-roofers,gold-clip,174,86000,86000
2025-01,nippon-metal,rice-roofers,gold-decoration,140,54800,54800
2025-01,nippon-metal,rice-roofers,roof-polish,45,8400,8400
2025-01,nippon-metal,rice-roofers,tin-clip,236,23900,23900
2025-01,us-steel,global-roof,glass-decoration,70,67500,67500
2025-01,us-steel,global-roof,gold-clip,166,107700,107700
2025-01,us-steel,global-roof,gold-decoration,57,26000,26000
2025-01,us-steel,global-roof,roof-polish,132,29900,29900
2025-01,us-steel,global-roof,tin-clip,205,20500,20500
2025-01,us-steel,global-roof,tin-decoration,184,17800,17800
2025-01,us-steel,ranger-roofing,glass-clip,189,193100,193100
2025-01,us-steel,ranger-roofing,glass-decoration,250,246100,246100
2025-01,us-steel,ranger-roofing,gold-clip,40,19200,19200
2025-01,us-steel,ranger-roofing,gold-decoration,181,79400,79400
2025-01,us-steel,ranger-roofing,roof-polish,116,29800,29800
2025-01,us-steel,ranger-roofing,tin-clip,97,8800,8800
2025-01,us-steel,ranger-roofing,tin-decoration,183,19700,19700
2025-01,us-steel,zztop-roof,glass-decoration,161,166800,166800
2025-01,us-steel,zztop-roof,gold-clip,203,128500,128500
2025-01,us-steel,zztop-roof,gold-decoration,174,90100,90100
2025-01,us-steel,zztop-roof,roof-polish,62,11200,11200
2025-01,us-steel,zztop-roof,tin-clip,191,23000,23000
2025-01,us-steel,zztop-roof,tin-decoration,56,6400,6400
2025-02,nippon-metal,global-roof,glass-clip,130,159800,282000
2025-02,nippon-metal,global-roof,glass-decoration,112,94000,240500
2025-02,nippon-metal,global-roof,gold-clip,43,20500,116700
2025-02,nippon-metal,global-roof,gold-decoration,164,69900,94400
2025-02,nippon-metal,global-roof,roof-polish,218,51200,73000
2025-02,nippon-metal,global-roof,tin-clip,81,7600,20900
2025-02,nippon-metal,global-roof,tin-decoration,64,6400,22500
2025-02,nippon-metal,ninja-roofing,glass-clip,54,51800,99600
2025-02,nippon-metal,ninja-roofing,glass-decoration,158,158200,197200
2025-02,nippon-metal,ninja-roofing,gold-clip,106,51200,91800
2025-02,nippon-metal,rice-roofers,glass-decoration,59,52200,196400
2025-02,nippon-metal,rice-roofers,gold-clip,114,63400,149400
2025-02,nippon-metal,rice-roofers,gold-decoration,236,108700,163500
2025-02,nippon-metal,rice-roofers,tin-clip,131,12000,35900
2025-02,us-steel,global-roof,gold-decoration,208,92000,118000
2025-02,us-steel,global-roof,roof-polish,67,12200,42100
2025-02,us-steel,global-roof,tin-clip,150,13800,34300
2025-02,us-steel,ranger-roofing,glass-clip,230,281900,475000
2025-02,us-steel,ranger-roofing,glass-decoration,93,70800,316900
2025-02,us-steel,ranger-roofing,gold-clip,217,103800,123000
2025-02,us-steel,ranger-roofing,gold-decoration,60,25700,105100
2025-02,us-steel,ranger-roofing,roof-polish,96,18300,48100
2025-02,us-steel,ranger-roofing,tin-decoration,98,9000,28700
2025-02,us-steel,zztop-roof,glass-clip,44,48000,48000
2025-02,us-steel,zztop-roof,roof-polish,157,39800,51000
2025-02,us-steel,zztop-roof,tin-clip,119,14000,37000
2025-02,us-steel,zztop-roof,tin-decoration,69,7600,14000
2025-03,nippon-metal,global-roof,glass-clip,120,113900,395900
2025-03,nippon-metal,global-roof,glass-decoration,212,217600,458100
2025-03,nippon-metal,global-roof,gold-clip,171,84700,201400
2025-03,nippon-metal,global-roof,gold-decoration,68,32800,127200
2025-03,nippon-metal,global-roof,roof-polish,86,21200,94200
2025-03,nippon-metal,global-roof,tin-clip,190,18500,39400
2025-03,nippon-metal,global-roof,tin-decoration,137,13200,35700
2025-03,nippon-metal,ninja-roofing,glass-decoration,77,76300,273500
2025-03,nippon-metal,ninja-roofing,gold-clip,129,58800,150600
2025-03,nippon-metal,ninja-roofing,gold-decoration,111,56800,120200
2025-03,nippon-metal,ninja-roofing,roof-polish,91,17700,17700
2025-03,nippon-metal,ninja-roofing,tin-clip,194,19100,19100
2025-03,nippon-metal,rice-roofers,glass-clip,249,281700,361700
2025-03,nippon-metal,rice-roofers,glass-decoration,43,38200,234600
2025-03,nippon-metal,rice-roofers,roof-polish,185,34300,42700
2025-03,nippon-metal,rice-roofers,tin-decoration,223,19600,19600
2025-03,us-steel,global-roof,glass-decoration,111,107100,174600
2025-03,us-steel,global-roof,gold-clip,143,67900,175600
2025-03,us-steel,global-roof,tin-clip,192,23800,58100
2025-03,us-steel,global-roof,tin-decoration,148,15900,33700
2025-03,us-steel,ranger-roofing,glass-clip,142,167300,642300
2025-03,us-steel,ranger-roofing,glass-decoration,66,63200,380100
2025-03,us-steel,ranger-roofing,gold-clip,165,96400,219400
2025-03,us-steel,ranger-roofing,gold-decoration,43,22400,127500
2025-03,us-steel,ranger-roofing,roof-polish,141,30300,78400
2025-03,us-steel,ranger-roofing,tin-clip,70,6700,15500
2025-03,us-steel,ranger-roofing,tin-decoration,208,21900,50600
2025-03,us-steel,zztop-roof,glass-decoration,193,184400,351200
2025-03,us-steel,zztop-roof,gold-clip,138,69900,198400
2025-03,us-steel,zztop-roof,gold-decoration,123,54000,144100
2025-03,us-steel,zztop-roof,tin-clip,215,27700,64700
2025-04,nippon-metal,global-roof,glass-clip,179,162400,558300
2025-04,nippon-metal,global-roof,glass-decoration,232,205600,663700
2025-04,nippon-metal,global-roof,gold-clip,166,101000,302400
2025-04,nippon-metal,global-roof,gold-decoration,106,47400,174600
2025-04,nippon-metal,global-roof,roof-polish,167,36600,130800
2025-04,nippon-metal,global-roof,tin-clip,247,30700,70100
2025-04,nippon-metal,global-roof,tin-decoration,91,8300,44000
2025-04,nippon-metal,ninja-roofing,glass-clip,167,165700,265300
2025-04,nippon-metal,ninja-roofing,glass-decoration,74,54000,327500
2025-04,nippon-metal,ninja-roofing,gold-clip,236,127700,278300
2025-04,nippon-metal,ninja-roofing,gold-decoration,71,28400,148600
2025-04,nippon-metal,ninja-roofing,roof-polish,57,12500,30200
2025-04,nippon-metal,ninja-roofing,tin-decoration,228,18900,34300
2025-04,us-steel,global-roof,gold-clip,61,38600,214200
2025-04,us-steel,global-roof,gold-decoration,129,47600,165600
2025-04,us-steel,global-roof,roof-polish,205,42000,84100
2025-04,us-steel,global-roof,tin-clip,102,10200,68300
2025-04,us-steel,global-roof,tin-decoration,56,6300,40000
2025-04,us-steel,ranger-roofing,glass-clip,130,156900,799200
2025-04,us-steel,ranger-roofing,glass-decoration,107,94000,474100
2025-04,us-steel,ranger-roofing,gold-clip,129,78900,298300
2025-04,us-steel,ranger-roofing,gold-decoration,136,62400,189900
2025-04,us-steel,ranger-roofing,roof-polish,112,23000,101400
2025-04,us-steel,ranger-roofing,tin-clip,72,8900,24400
2025-04,us-steel,ranger-roofing,tin-decoration,47,4800,55400
2025-04,us-steel,zztop-roof,glass-clip,223,235400,283400
2025-04,us-steel,zztop-roof,glass-decoration,239,195300,546500
2025-04,us-steel,zztop-roof,gold-clip,220,106200,304600
2025-04,us-steel,zztop-roof,gold-decoration,182,84700,228800
2025-04,us-steel,zztop-roof,tin-clip,49,4500,69200
2025-04,us-steel,zztop-roof,tin-decoration,150,12900,26900
2025-05,nippon-metal,global-roof,glass-clip,185,225800,784100
2025-05,nippon-metal,global-roof,glass-decoration,126,101700,765400
2025-05,nippon-metal,global-roof,tin-clip,161,17200,87300
2025-05,nippon-metal,ninja-roofing,glass-clip,122,137700,403000
2025-05,nippon-metal,ninja-roofing,glass-decoration,126,110700,438200
2025-05,nippon-metal,ninja-roofing,gold-clip,218,118600,396900
2025-05,nippon-metal,ninja-roofing,gold-decoration,136,61400,210000
2025-05,nippon-metal,ninja-roofing,roof-polish,246,53900,84100
2025-05,nippon-metal,ninja-roofing,tin-clip,45,5800,24900
2025-05,nippon-metal,ninja-roofing,tin-decoration,216,22700,57000
2025-05,nippon-metal,rice-roofers,glass-clip,241,224200,585900
2025-05,nippon-metal,rice-roofers,glass-decoration,107,78700,313300
2025-05,nippon-metal,rice-roofers,gold-clip,177,87200,236600
2025-05,nippon-metal,rice-roofers,roof-polish,186,39500,82200
2025-05,nippon-metal,rice-roofers,tin-decoration,167,17300,36900
2025-05,us-steel,global-roof,glass-decoration,56,51700,226300
2025-05,us-steel,global-roof,gold-clip,145,73000,287200
2025-05,us-steel,global-roof,gold-decoration,113,52400,218000
2025-05,us-steel,global-roof,tin-decoration,121,13500,53500
2025-05,us-steel,ranger-roofing,glass-clip,203,226000,1025200
2025-05,us-steel,ranger-roofing,glass-decoration,173,135700,609800
2025-05,us-steel,ranger-roofing,gold-clip,151,96200,394500
2025-05,us-steel,ranger-roofing,gold-decoration,226,104000,293900
2025-05,us-steel,ranger-roofing,roof-polish,197,48900,150300
2025-05,us-steel,ranger-roofing,tin-clip,159,16000,40400
2025-05,us-steel,ranger-roofing,tin-decoration,250,26900,82300
2025-05,us-steel,zztop-roof,glass-clip,142,142100,425500
2025-05,us-steel,zztop-roof,glass-decoration,150,139800,686300
2025-05,us-steel,zztop-roof,gold-clip,120,58800,363400
2025-06,nippon-metal,global-roof,glass-decoration,168,171100,936500
2025-06,nippon-metal,global-roof,gold-decoration,68,30700,205300
2025-06,nippon-metal,global-roof,tin-decoration,173,18100,62100
2025-06,nippon-metal,ninja-roofing,glass-clip,109,104000,507000
2025-06,nippon-metal,ninja-roofing,glass-decoration,106,103100,541300
2025-06,nippon-metal,ninja-roofing,gold-clip,111,64600,461500
2025-06,nippon-metal,ninja-roofing,roof-polish,49,9600,93700
2025-06,nippon-metal,ninja-roofing,tin-clip,151,16100,41000
2025-06,nippon-metal,ninja-roofing,tin-decoration,158,15600,72600
2025-06,nippon-metal,rice-roofers,glass-decoration,61,50000,363300
2025-06,nippon-metal,rice-roofers,gold-decoration,116,57900,221400
2025-06,nippon-metal,rice-roofers,tin-clip,144,18100,54000
2025-06,us-steel,global-roof,glass-clip,111,138900,138900
2025-06,us-steel,global-roof,gold-clip,214,106800,394000
2025-06,us-steel,global-roof,gold-decoration,77,32200,250200
2025-06,us-steel,zztop-roof,glass-clip,110,118300,543800
2025-06,us-steel,zztop-roof,glass-decoration,105,104600,790900
2025-06,us-steel,zztop-roof,gold-clip,189,112900,476300
2025-06,us-steel,zztop-roof,gold-decoration,246,118000,346800
2025-06,us-steel,zztop-roof,roof-polish,84,16600,67600
2025-06,us-steel,zztop-roof,tin-clip,100,12700,81900
2025-06,us-steel,zztop-roof,tin-decoration,95,8200,35100
2025-07,nippon-metal,global-roof,glass-clip,147,167700,951800
2025-07,nippon-metal,global-roof,glass-decoration,81,76400,1012900
2025-07,nippon-metal,global-roof,gold-clip,249,117000,419400
2025-07,nippon-metal,global-roof,roof-polish,145,36800,167600
2025-07,nippon-metal,global-roof,tin-clip,125,14800,102100
2025-07,nippon-metal,global-roof,tin-decoration,169,14100,76200
2025-07,nippon-metal,ninja-roofing,glass-clip,53,62300,569300
2025-07,nippon-metal,ninja-roofing,glass-decoration,209,203900,745200
2025-07,nippon-metal,ninja-roofing,tin-clip,241,28200,69200
2025-07,nippon-metal,rice-roofers,glass-clip,116,114200,700100
2025-07,nippon-metal,rice-roofers,glass-decoration,140,142400,505700
2025-07,nippon-metal,rice-roofers,gold-clip,139,62800,299400
2025-07,nippon-metal,rice-roofers,gold-decoration,81,41000,262400
2025-07,nippon-metal,rice-roofers,roof-polish,105,21400,103600
2025-07,nippon-metal,rice-roofers,tin-clip,250,30100,84100
2025-07,us-steel,global-roof,glass-clip,198,212200,351100
2025-07,us-steel,global-roof,glass-decoration,83,61100,287400
2025-07,us-steel,global-roof,gold-clip,237,150300,544300
2025-07,us-steel,global-roof,gold-decoration,223,99000,349200
2025-07,us-steel,global-roof,roof-polish,185,35000,119100
2025-07,us-steel,global-roof,tin-clip,134,13000,81300
2025-07,us-steel,global-roof,tin-decoration,106,9200,62700
2025-07,us-steel,ranger-roofing,glass-clip,134,130300,1155500
2025-07,us-steel,ranger-roofing,glass-decoration,74,59500,669300
2025-07,us-steel,ranger-roofing,gold-clip,136,86900,481400
2025-07,us-steel,ranger-roofing,gold-decoration,90,33600,327500
2025-07,us-steel,ranger-roofing,roof-polish,215,48900,199200
2025-07,us-steel,ranger-roofing,tin-clip,186,18400,58800
2025-07,us-steel,ranger-roofing,tin-decoration,123,13500,95800
2025-07,us-steel,zztop-roof,glass-clip,200,204400,748200
2025-07,us-steel,zztop-roof,glass-decoration,242,223900,1014800
2025-07,us-steel,zztop-roof,gold-clip,187,87200,563500
2025-07,us-steel,zztop-roof,gold-decoration,87,40100,386900
2025-07,us-steel,zztop-roof,tin-clip,40,4200,86100
2025-08,nippon-metal,global-roof,glass-clip,130,168800,1120600
2025-08,nippon-metal,global-roof,glass-decoration,55,40500,1053400
2025-08,nippon-metal,global-roof,gold-clip,211,135800,555200
2025-08,nippon-metal,global-roof,gold-decoration,100,43500,248800
2025-08,nippon-metal,global-roof,roof-polish,247,45400,213000
2025-08,nippon-metal,global-roof,tin-clip,193,22800,124900
2025-08,nippon-metal,ninja-roofing,glass-decoration,113,108400,853600
2025-08,nippon-metal,ninja-roofing,roof-polish,137,26100,119800
2025-08,nippon-metal,ninja-roofing,tin-decoration,248,27100,99700
2025-08,nippon-metal,rice-roofers,glass-clip,74,92400,792500
2025-08,nippon-metal,rice-roofers,glass-decoration,217,183800,689500
2025-08,nippon-metal,rice-roofers,gold-clip,100,57400,356800
2025-08,nippon-metal,rice-roofers,gold-decoration,215,99700,362100
2025-08,nippon-metal,rice-roofers,roof-polish,103,21600,125200
2025-08,nippon-metal,rice-roofers,tin-clip,61,5500,89600
2025-08,nippon-metal,rice-roofers,tin-decoration,114,13200,50100
2025-08,us-steel,global-roof,glass-decoration,69,71700,359100
2025-08,us-steel,global-roof,gold-clip,183,100100,644400
2025-08,us-steel,global-roof,gold-decoration,131,67900,417100
2025-08,us-steel,global-roof,roof-polish,166,30400,149500
2025-08,us-steel,global-roof,tin-clip,160,16100,97400
2025-08,us-steel,global-roof,tin-decoration,220,21500,84200
2025-08,us-steel,ranger-roofing,glass-decoration,234,237900,907200
2025-08,us-steel,ranger-roofing,gold-clip,172,88200,569600
2025-08,us-steel,ranger-roofing,gold-decoration,82,33700,361200
2025-08,us-steel,ranger-roofing,roof-polish,165,39800,239000
2025-08,us-steel,ranger-roofing,tin-decoration,78,7900,103700
2025-08,us-steel,zztop-roof,glass-clip,120,110100,858300
2025-08,us-steel,zztop-roof,glass-decoration,221,196600,1211400
2025-08,us-steel,zztop-roof,gold-clip,126,78800,642300
2025-08,us-steel,zztop-roof,gold-decoration,83,36600,423500
2025-08,us-steel,zztop-roof,roof-polish,73,13700,81300
2025-08,us-steel,zztop-roof,tin-clip,76,7600,93700
2025-08,us-steel,zztop-roof,tin-decoration,72,7100,42200
2025-09,nippon-metal,global-roof,glass-clip,221,257200,1377800
2025-09,nippon-metal,global-roof,gold-clip,60,32500,587700
2025-09,nippon-metal,global-roof,gold-decoration,122,46900,295700
2025-09,nippon-metal,ninja-roofing,gold-clip,231,127500,589000
2025-09,nippon-metal,ninja-roofing,roof-polish,109,24500,144300
2025-09,nippon-metal,ninja-roofing,tin-clip,86,10600,79800
2025-09,nippon-metal,ninja-roofing,tin-decoration,209,21300,121000
2025-09,nippon-metal,rice-roofers,glass-clip,59,58900,851400
2025-09,nippon-metal,rice-roofers,roof-polish,167,39100,164300
2025-09,nippon-metal,rice-roofers,tin-decoration,124,10200,60300
2025-09,us-steel,global-roof,glass-clip,134,148100,499200
2025-09,us-steel,global-roof,gold-clip,215,122700,767100
2025-09,us-steel,global-roof,gold-decoration,131,61100,478200
2025-09,us-steel,global-roof,tin-clip,246,31200,128600
2025-09,us-steel,ranger-roofing,glass-clip,239,253600,1409100
2025-09,us-steel,ranger-roofing,glass-decoration,62,45000,952200
2025-09,us-steel,ranger-roofing,gold-clip,105,51000,620600
2025-09,us-steel,ranger-roofing,gold-decoration,93,35900,397100
2025-09,us-steel,ranger-roofing,tin-clip,237,29500,88300
2025-09,us-steel,zztop-roof,glass-clip,199,254800,1113100
2025-09,us-steel,zztop-roof,glass-decoration,123,125900,1337300
2025-09,us-steel,zztop-roof,gold-clip,244,137600,779900
2025-09,us-steel,zztop-roof,roof-polish,94,23400,104700
2025-09,us-steel,zztop-roof,tin-clip,227,28700,122400
2025-10,nippon-metal,global-roof,glass-clip,146,182600,1560400
2025-10,nippon-metal,global-roof,glass-decoration,140,102800,1156200
2025-10,nippon-metal,global-roof,gold-clip,85,51600,639300
2025-10,nippon-metal,global-roof,gold-decoration,116,47600,343300
2025-10,nippon-metal,global-roof,roof-polish,229,53300,266300
2025-10,nippon-metal,global-roof,tin-clip,225,24300,149200
2025-10,nippon-metal,global-roof,tin-decoration,211,20500,96700
2025-10,nippon-metal,ninja-roofing,glass-clip,201,215200,784500
2025-10,nippon-metal,ninja-roofing,glass-decoration,50,44200,897800
2025-10,nippon-metal,ninja-roofing,gold-clip,197,96000,685000
2025-10,nippon-metal,ninja-roofing,gold-decoration,158,74000,284000
2025-10,nippon-metal,ninja-roofing,tin-clip,205,24100,103900
2025-10,nippon-metal,ninja-roofing,tin-decoration,79,9000,130000
2025-10,nippon-metal,rice-roofers,glass-clip,185,170000,1021400
2025-10,nippon-metal,rice-roofers,glass-decoration,148,126100,815600
2025-10,nippon-metal,rice-roofers,gold-clip,116,71700,428500
2025-10,nippon-metal,rice-roofers,gold-decoration,173,74100,436200
2025-10,nippon-metal,rice-roofers,roof-polish,59,14900,179200
2025-10,nippon-metal,rice-roofers,tin-clip,72,8500,98100
2025-10,nippon-metal,rice-roofers,tin-decoration,171,14500,74800
2025-10,us-steel,global-roof,glass-clip,77,83900,583100
2025-10,us-steel,global-roof,glass-decoration,177,138300,497400
2025-10,us-steel,global-roof,gold-decoration,200,99500,577700
2025-10,us-steel,global-roof,tin-decoration,117,12700,96900
2025-10,us-steel,ranger-roofing,glass-clip,117,109400,1518500
2025-10,us-steel,ranger-roofing,glass-decoration,212,179400,1131600
2025-10,us-steel,ranger-roofing,gold-clip,218,140400,761000
2025-10,us-steel,ranger-roofing,gold-decoration,74,26800,423900
2025-10,us-steel,ranger-roofing,roof-polish,212,54500,293500
2025-10,us-steel,ranger-roofing,tin-decoration,68,7500,111200
2025-10,us-steel,zztop-roof,glass-clip,141,133500,1246600
2025-10,us-steel,zztop-roof,glass-decoration,176,127700,1465000
2025-10,us-steel,zztop-roof,roof-polish,194,38900,143600
2025-10,us-steel,zztop-roof,tin-clip,83,9600,132000
2025-10,us-steel,zztop-roof,tin-decoration,212,18000,60200
2025-11,nippon-metal,global-roof,glass-clip,213,268800,1829200
2025-11,nippon-metal,global-roof,gold-clip,164,81400,720700
2025-11,nippon-metal,global-roof,gold-decoration,164,72500,415800
2025-11,nippon-metal,global-roof,roof-polish,225,51500,317800
2025-11,nippon-metal,global-roof,tin-clip,55,6100,155300
2025-11,nippon-metal,global-roof,tin-decoration,148,15100,111800
2025-11,nippon-metal,ninja-roofing,glass-clip,140,128900,913400
2025-11,nippon-metal,ninja-roofing,glass-decoration,45,44800,942600
2025-11,nippon-metal,ninja-roofing,gold-decoration,115,51900,335900
2025-11,nippon-metal,ninja-roofing,roof-polish,189,37700,182000
2025-11,us-steel,global-roof,glass-decoration,195,171100,668500
2025-11,us-steel,global-roof,gold-clip,84,41200,808300
2025-11,us-steel,global-roof,gold-decoration,166,67800,645500
2025-11,us-steel,global-roof,tin-clip,243,25900,154500
2025-11,us-steel,ranger-roofing,glass-clip,222,234500,1753000
2025-11,us-steel,ranger-roofing,glass-decoration,146,144000,1275600
2025-11,us-steel,ranger-roofing,gold-decoration,212,98500,522400
2025-11,us-steel,ranger-roofing,roof-polish,244,62900,356400
2025-11,us-steel,ranger-roofing,tin-decoration,132,14500,125700
2025-11,us-steel,zztop-roof,glass-decoration,205,170300,1635300
2025-11,us-steel,zztop-roof,gold-decoration,218,93700,517200
2025-11,us-steel,zztop-roof,roof-polish,81,16400,160000
2025-11,us-steel,zztop-roof,tin-clip,89,9700,141700
2025-11,us-steel,zztop-roof,tin-decoration,152,13600,73800
2025-12,nippon-metal,global-roof,glass-decoration,150,113500,1269700
2025-12,nippon-metal,global-roof,gold-decoration,236,86700,502500
2025-12,nippon-metal,global-roof,roof-polish,97,21200,339000
2025-12,nippon-metal,global-roof,tin-clip,127,15400,170700
2025-12,nippon-metal,global-roof,tin-decoration,98,8400,120200
2025-12,us-steel,global-roof,gold-clip,167,99600,907900
2025-12,us-steel,global-roof,roof-polish,226,46000,195500
2025-12,us-steel,global-roof,tin-decoration,153,16600,113500
2025-12,us-steel,zztop-roof,glass-clip,67,81200,1327800
2025-12,us-steel,zztop-roof,glass-decoration,233,176000,1811300
2025-12,us-steel,zztop-roof,gold-clip,66,40600,820500
2025-12,us-steel,zztop-roof,tin-clip,196,23800,165500
2025-12,us-steel,zztop-roof,tin-decoration,152,16700,90500
2026-01,nippon-metal,global-roof,glass-clip,237,228900,228900
2026-01,nippon-metal,global-roof,glass-decoration,126,103400,103400
2026-01,nippon-metal,global-roof,tin-clip,55,5800,5800
2026-01,nippon-metal,ninja-roofing,glass-decoration,169,130900,130900
2026-01,nippon-metal,ninja-roofing,gold-decoration,108,45300,45300
2026-01,nippon-metal,ninja-roofing,roof-polish,236,57000,57000
2026-01,nippon-metal,ninja-roofing,tin-clip,161,16700,16700
2026-01,nippon-metal,ninja-roofing,tin-decoration,102,11300,11300
2026-01,nippon-metal,rice-roofers,glass-clip,172,209500,209500
2026-01,nippon-metal,rice-roofers,glass-decoration,241,191100,191100
2026-01,nippon-metal,rice-roofers,gold-clip,132,84300,84300
2026-01,nippon-metal,rice-roofers,roof-polish,245,52500,52500
2026-01,nippon-metal,rice-roofers,tin-decoration,144,16300,16300
2026-01,us-steel,ranger-roofing,glass-clip,142,178100,178100
2026-01,us-steel,ranger-roofing,gold-clip,120,75800,75800
2026-01,us-steel,ranger-roofing,roof-polish,117,27800,27800
2026-01,us-steel,ranger-roofing,tin-clip,219,24600,24600
